58548,0,,WX
58549,0,,WX
58550,0,,WX
58555,0,,WX
33011,0,,WX
33012,0,,WX
40921,0,,WX
43151,0,,WX
47501,0,,WX
47420,0,,WX
47500,0,,WX
47502,0,,WX
47503,0,,WX
47504,0,,WX
47506,0,,WX
47507,0,,WX
47508,0,,WX
47874,0,,WX
50003,0,,WX
48570,0,,WX
49692,0,,WX
50294,0,,WX
48821,0,,WX
51624,0,,WX
51625,0,,WX
51749,0,,WX
52809,0,,WX
53084,0,,WX
55441,0,,WX
57584,0,,WX
57141,0,,WX
57724,0,,WX
57182,0,,WX
57427,0,,WX
57543,0,,WX
60490,0,,WX
61184,0,,WX
16206,0,,WX
57729,0,,WX
57728,0,,WX
61260,0,,WX
60423,0,,WX
59856,0,,WX
62193,0,,WX
43838,0,,WX
60589,0,,WX
60590,0,,WX
60587,0,,WX
52468,0,,WX
57758,0,,WX
51785,0,,WX
59838,0,,WX
56182,0,,WX
55453,0,,WX
62630,0,,WX
62613,0,,WX
62281,0,,WX
61988,0,,WX
61732,0,,WX
61731,0,,WX
61718,0,,WX
61806,0,,WX
61181,0,,WX
61180,0,,WX
55543,0,,WX
60174,0,,WX
60526,0,,WX
60525,0,,WX
60414,0,,WX
60354,0,,WX
60355,0,,WX
43418,0,,WX
60046,0,,WX
55979,0,,WX
52361,0,,WX
59892,0,,WX
59889,0,,WX
59890,0,,WX
56904,0,,WX
56948,0,,WX
56950,0,,WX
50120,0,,WX
20121,0,,WX
51866,0,,WX
51867,0,,WX
51931,0,,WX
51932,0,,WX
52196,0,,WX
52197,0,,WX
57890,0,,WX
58048,0,,WX
56662,0,,WX
56663,0,,WX
56658,0,,WX
56659,0,,WX
43360,0,,WX
46882,0,,WX
51935,0,,WX
52931,0,,WX
52932,0,,WX
54592,0,,WX
57040,0,,WX
57359,0,,WX
57557,0,,WX
57828,0,,WX
59567,0,,WX
51703,0,,WX
54644,0,,WX
56965,0,,WX
59566,0,,WX
52136,0,,WX
53086,0,,WX
57622,0,,WX
59131,0,,WX
58558,0,,WX
57906,0,,WX
57907,0,,WX
59491,0,,WX
59492,0,,WX
43877,0,,WX
46152,0,,WX
48227,0,,WX
48548,0,,WX
48930,0,,WX
48932,0,,WX
48934,0,,WX
48935,0,,WX
49424,0,,WX
50429,0,,WX
55580,0,,WX
55800,0,,WX
58969,0,,WX
56502,0,,WX
56503,0,,WX
56621,0,,WX
56622,0,,WX
56668,0,,WX
56624,0,,WX
56763,0,,WX
56764,0,,WX
54276,0,,WX
49946,0,,WX
57720,0,,WX
57721,0,,WX
58559,0,,WX
57755,0,,WX
55278,0,,WX
56189,0,,WX
58425,0,,WX
58088,0,,WX
57794,0,,WX
25302,0,,WX
25307,0,,WX
58002,0,,WX
58956,0,,WX
58723,0,,WX
58636,0,,WX
59465,0,,WX
59839,0,,WX
56766,0,,WX
59806,0,,WX
60140,0,,WX
61903,0,,WX
60723,0,,WX
61069,0,,WX
60929,0,,WX
61026,0,,WX
61905,0,,WX
61468,0,,WX
61469,0,,WX
61470,0,,WX
61588,0,,WX
61589,0,,WX
61807,0,,WX
61986,0,,WX
60224,0,,WX
60324,0,,WX
60325,0,,WX
61847,0,,WX
61846,0,,WX
62265,0,,WX
62292,0,,WX
62798,0,,WX
62826,0,,WX
60038,0,,WX
62744,0,,WX
62686,0,,WX
59422,0,,WX
57063,0,,WX
58718,0,,WX
58826,0,,WX
58825,0,,WX
60018,0,,WX
56088,0,,WX
56087,0,,WX
56085,0,,WX
51577,0,,WX
59232,0,,WX
20528,0,,WX
44919,0,,WX
61140,0,,WX
45239,0,,WX
60451,0,"ERROR - workorder not found!",??
60653,0,,WX
60654,0,,WX
62759,0,,WX
62786,0,,WX
60092,0,,WX
54897,0,,WX
62624,0,,WX
62561,0,,WX
62337,0,,WX
60489,0,,WX
62723,0,,WX
57592,0,,WX
62266,0,,WX
62440,0,,WX
62442,0,,WX
58509,0,,WX
58838,0,,WX
46457,0,,WX
48819,0,,WX
48931,0,,WX
58160,0,,WX
58159,0,,WX
58158,0,,WX
58157,0,,WX
58156,0,,WX
58155,0,,WX
58980,0,,WX
58979,0,,WX
58978,0,,WX
58977,0,,WX
57715,0,,WX
57714,0,,WX
57044,0,,WX
57043,0,,WX
55006,0,,WX
55005,0,,WX
54550,0,,WX
54549,0,,WX
52447,0,,WX
52445,0,,WX
59266,0,,WX
59230,0,,WX
57719,0,,WX
57639,0,,WX
61462,0,,WX
50518,0,,WX
56083,0,,WX
58688,0,,WX
46785,0,,WX
49620,0,,WX
51938,0,,WX
54572,0,,WX
57172,0,,WX
57173,0,,WX
57347,0,,WX
57348,0,,WX
57349,0,,WX
55422,0,,WX
51797,0,,WX
48716,0,,WX
54309,0,,WX
55838,0,,WX
56798,0,,WX
56814,0,,WX
55273,0,,WX
55428,0,,WX
51393,0,,WX
58347,0,,WX
55681,0,,WX
55098,0,,WX
55451,0,,WX
55271,0,,WX
58342,0,,WX
58343,0,,WX
48642,0,,WX
57393,0,,WX
56164,0,,WX
51071,0,,WX
51493,0,,WX
51796,0,,WX
57936,0,,WX
55678,0,,WX
54274,0,,WX
54271,0,,WX
55536,0,,WX
56800,0,,WX
54304,0,,WX
58327,0,,WX
58333,0,,WX
58329,0,,WX
58344,0,,WX
58340,0,,WX
56138,0,,WX
56079,0,,WX
56219,0,,WX
56077,0,,WX
55994,0,,WX
55835,0,,WX
55845,0,,WX
53873,0,,WX
53145,0,,WX
55424,0,,WX
56002,0,,WX
53134,0,,WX
58039,0,,WX
56141,0,,WX
55992,0,,WX
58323,0,,WX
58324,0,,WX
58334,0,,WX
55834,0,,WX
51176,0,,WX
51751,0,,WX
55068,0,,WX
57765,0,,WX
51490,0,,WX
58520,0,,WX
57834,0,,WX
51392,0,,WX
51414,0,,WX
57934,0,,WX
57945,0,,WX
57935,0,,WX
51788,0,,WX
57931,0,,WX
57932,0,,WX
57930,0,,WX
55680,0,,WX
55679,0,,WX
54273,0,,WX
55792,0,,WX
55455,0,,WX
55423,0,,WX
55426,0,,WX
54453,0,,WX
55267,0,,WX
55269,0,,WX
53813,0,,WX
58332,0,,WX
58330,0,,WX
58341,0,,WX
50504,0,,WX
53121,0,,WX
57680,0,,WX
56181,0,,WX
55173,0,,WX
56016,0,,WX
55998,0,,WX
60223,0,,WX
61872,0,,WX
61870,0,,WX
58489,0,,WX
60009,0,,WX
61729,0,,WX
61488,0,,WX
61878,0,,WX
61880,0,,WX
61859,0,,WX
61860,0,,WX
61911,0,,WX
61912,0,,WX
61205,0,,WX
61707,0,,WX
59009,0,,WX
59008,0,,WX
59007,0,,WX
60136,0,,WX
60136,0,,WX
61041,0,,WX
61144,0,,WX
60830,0,,WX
54783,0,,WX
58051,0,,WX
59853,0,,WX
61010,0,,WX
56121,0,,WX
59459,0,,WX
60191,0,,WX
60192,0,,WX
60712,0,,WX
48880,0,,WX
59859,0,,WX
60551,0,,WX
60430,0,,WX
60400,0,,WX
58554,0,,WX
56963,0,,WX
56962,0,,WX
56961,0,,WX
56960,0,,WX
56959,0,,WX
56957,0,,WX
56955,0,,WX
56954,0,,WX
56953,0,,WX
56952,0,,WX
56975,0,,WX
56949,0,,WX
59170,0,,WX
56902,0,,WX
56901,0,,WX
56900,0,,WX
56903,0,,WX
56278,0,,WX
56277,0,,WX
56273,0,,WX
58306,0,,WX
60200,0,,WX
60116,0,,WX
60117,0,,WX
60149,0,,WX
46881,0,,WX
59423,0,,WX
60015,0,,WX
56672,0,,WX
56674,0,,WX
56676,0,,WX
56678,0,,WX
56680,0,,WX
56682,0,,WX
56684,0,,WX
56686,0,,WX
56688,0,,WX
56692,0,,WX
56694,0,,WX
56697,0,,WX
56699,0,,WX
56701,0,,WX
56703,0,,WX
56705,0,,WX
56707,0,,WX
56709,0,,WX
56711,0,,WX
56713,0,,WX
56715,0,,WX
56717,0,,WX
56719,0,,WX
56925,0,,WX
56926,0,,WX
56674,0,,WX
56676,0,,WX
56678,0,,WX
56927,0,,WX
56928,0,,WX
56929,0,,WX
56930,0,,WX
56931,0,,WX
56932,0,,WX
56934,0,,WX
56935,0,,WX
56936,0,,WX
56937,0,,WX
56938,0,,WX
56673,0,,WX
56675,0,,WX
56677,0,,WX
56679,0,,WX
56681,0,,WX
56683,0,,WX
56685,0,,WX
56687,0,,WX
56689,0,,WX
56691,0,,WX
56693,0,,WX
56696,0,,WX
56698,0,,WX
56700,0,,WX
56702,0,,WX
56704,0,,WX
56706,0,,WX
56708,0,,WX
56710,0,,WX
56712,0,,WX
56714,0,,WX
56716,0,,WX
56718,0,,WX
56720,0,,WX
53975,0,,WX
53974,0,,WX
52448,0,,WX
55891,0,,WX
55892,0,,WX
52134,0,,WX
52135,0,,WX
51529,0,,WX
51530,0,,WX
56275,0,,WX
56476,0,,WX
56574,0,,WX
57717,0,,WX
57716,0,,WX
54884,0,,WX
54885,0,,WX
55598,0,,WX
55599,0,,WX
52469,0,,WX
51476,0,,WX
54292,0,,WX
59591,0,,WX
59592,0,,WX
59596,0,,WX
46100,0,,WX
51555,0,,WX
51933,0,,WX
54684,0,,WX
54805,0,,WX
55768,0,,WX
57361,0,,WX
56817,0,,WX
55535,0,,WX
59277,0,,WX
56272,0,,WX
59281,0,,WX
55766,0,,WX
57882,0,,WX
59388,0,,WX
59328,0,,WX
56946,0,,WX
55849,0,,WX
54639,0,,WX
59312,0,,WX
56177,0,,WX
59050,0,,WX
58929,0,,WX
59129,0,,WX
59130,0,,WX
56816,0,,WX
55918,0,,WX
57711,0,,WX
54283,0,,WX
58472,0,,WX
58471,0,,WX
56884,0,,WX
56388,0,,WX
56484,0,,WX
56490,0,,WX
56388,0,,WX
56941,0,,WX
56942,0,,WX
56943,0,,WX
56945,0,,WX
56947,0,,WX
55539,0,,WX
56001,0,,WX
58823,0,,WX
58824,0,,WX
58242,0,,WX
58407,0,,WX
57056,0,,WX
57055,0,,WX
56523,0,,WX
56524,0,,WX
56571,0,,WX
56572,0,,WX
56573,0,,WX
56575,0,,WX
56765,0,,WX
56589,0,,WX
56590,0,,WX
56559,0,,WX
56560,0,,WX
56555,0,,WX
56556,0,,WX
56599,0,,WX
56600,0,,WX
58731,0,,WX
57852,0,,WX
58689,0,,WX
58432,0,,WX
54303,0,,WX
55297,0,,WX
54485,0,,WX
55065,0,,WX
55425,0,,WX
58480,0,,WX
53990,0,,WX
53806,0,,WX
57923,0,,WX
55320,0,,WX
57922,0,,WX
58404,0,,WX
58171,0,,WX
58170,0,,WX
58169,0,,WX
58168,0,,WX
58089,0,,WX
57776,0,,WX
58164,0,,WX
58163,0,,WX
58161,0,,WX
58165,0,,WX
58166,0,,WX
58162,0,,WX
58046,0,,WX
58061,0,,WX
57811,0,,WX
56288,0,,WX
54093,0,,WX
51494,0,,WX
52694,0,,WX
57686,0,,WX
56869,0,,WX
56870,0,,WX
55256,0,,WX
55257,0,,WX
55254,0,,WX
55255,0,,WX
55258,0,,WX
55259,0,,WX
55260,0,,WX
55261,0,,WX
58182,0,,WX
58183,0,,WX
55007,0,,WX
57725,0,,WX
57726,0,,WX
58544,0,,WX
58545,0,,WX
58546,0,,WX
58547,0,,WX
57765,0,,WX
58467,0,,WX
57864,0,,WX
61336,0,,WX
62819,0,,WX
62837,0,,WX
62838,0,,WX
62839,0,,WX
62840,0,,WX
62841,0,,WX
62842,0,,WX
62678,0,,WX
62679,0,,WX
62680,0,,WX
62681,0,,WX
62674,0,,WX
62675,0,,WX
62676,0,,WX
62677,0,,WX
59387,0,,WX
59385,0,,WX
58714,0,,WX
58713,0,,WX
58712,0,,WX
62476,0,,WX
58371,0,,WX
58375,0,,WX
61573,0,,WX
61574,0,,WX
57130,0,,WX
59656,0,,WX
59324,0,,WX
55837,0,,WX
58473,0,,WX
58375,0,,WX
58371,0,,WX
58113,0,,WX
58140,0,,WX
57906,0,,WX
57907,0,,WX
61676,0,,WX
60017,0,,WX
61940,0,,WX
61873,0,,WX
61875,0,,WX
61719,0,,WX
60703,0,,WX
60704,0,,WX
60705,0,,WX
